name, id
川田将雅, 01088
横山武史, 01170
戸崎圭太, 05386
松山弘平, 01126
Ｃ．ルメール, 05339
福永祐一, 01014
岩田望来, 01174
吉田隼人, 01095
坂井瑠星, 01163
横山和生, 01140
丹内祐次, 01091
菅原明良, 01179
武豊, 00666
鮫島克駿, 01157
田辺裕信, 01075
Ｍ．デムーロ, 05212
西村淳也, 01171
幸英明, 00732
三浦皇成, 01122
池添謙一, 01032
藤岡康太, 01116
和田竜二, 01018
今村聖奈, 01193
菱田裕二, 01144
藤岡佑介, 01093
岩田康誠, 05203
浜中俊, 01115
角田大和, 01186
富田暁, 01168
横山典弘, 00660
松若風馬, 01154
松本大輝, 01191
石橋脩, 01077
石川裕紀人, 01150
津村明秀, 01092
横山琉人, 01192
角田大河, 01199
Ｄ．レーン, 05585
斎藤新, 01178
小沢大仁, 01185
大野拓弥, 01096
荻野極, 01160
永野猛蔵, 01188
秋山稔樹, 01181
菊沢一樹, 01161
団野大成, 01180
内田博幸, 00422
木幡巧也, 01162
古川吉洋, 01015
秋山真一郎, 01019
丸山元気, 01127
野中悠太郎, 01158
吉田豊, 00733
柴田大知, 01009
小林脩斗, 01183
松岡正海, 01085
勝浦正樹, 01025
小林凌大, 01177
松田大作, 01030
石神深一, 01059
泉谷楓真, 01182
原優介, 01184
国分恭介, 01124
武藤雅, 01169
永島まなみ, 01187
杉原誠人, 01135
北村友一, 01102
Ｃ．デムーロ, 05473
丸田恭介, 01117
古川奈穂, 01190
黒岩悠, 01072
森一馬, 01139
西塚洸二, 01200
五十嵐雄祐, 01069
江田照男, 00689
国分優作, 01125
酒井学, 01034
川須栄彦, 01128
黛弘人, 01109
難波剛健, 01066
小牧加矢太, 01196
水口優也, 01133
長岡禎仁, 01142
藤懸貴志, 01138
伴啓太, 01149
平沢健治, 01067
北沢伸也, 00691
鷲頭虎太, 01202
Ｃ．ホー, 05619
宮崎北斗, 01118
佐々木大輔, 01197
柴山雄一, 05243
小崎綾也, 01152
田中勝春, 00684
藤田菜七子, 01164
北村宏司, 01043
伊藤工真, 01119
亀田温心, 01176
高倉稜, 01130
高田潤, 01046
山田敬士, 01173
小野寺祐太, 01123
城戸義政, 01147
植野貴也, 00727
太宰啓介, 01037
荻野琢真, 01112
大久保友雅, 01194
中井裕二, 01141
嶋田純次, 01134
木幡初也, 01153
鮫島良太, 01099
森裕太朗, 01165
西谷誠, 01005
川又賢治, 01166
草野太郎, 01113
大江原圭, 01120
中村将之, 01101
白浜雄造, 01035
武士沢友治, 01029
服部寿希, 01172
Ｔ．バシュロ, 05621
岡田祥嗣, 05429
加藤祥太, 01156
原田和真, 01143
江田勇亮, 01023
小坂忠士, 01063
小牧太, 00894
上野翔, 01087
水沼元輝, 01201
西谷凜, 01189
川島信二, 01062
大庭和弥, 01061
的場勇人, 01108
田中健, 01114
藤井勘一郎, 05525
蓑島靖典, 01068
Ｃ．ウィリアムズ, 05416
Ｃ．パコー, 05623
Ｄ．イーガン, 05620
Ｊ．グラハム, 05622
阿部龍, 05492
井上敏樹, 01151
岡部誠, 05171
岩部純二, 00726
吉村智洋, 05390
吉本隆記, 05624
金子光希, 01052
熊沢重文, 00652
桑村真明, 05411
御神本訓史, 05404
笹川翼, 05524
山口勲, 05229
柴田善臣, 00641
松井伸也, 05502
松木大地, 05581
森泰斗, 05342
真島大輔, 05420
杉浦健太, 05530
菅原隆一, 01129
西村太一, 01131
石川慎将, 05478
石川倭, 05534
川端海翼, 01195
大塚海渡, 01175
大畑雅章, 05370
竹之下智昭, 01036
仲野光馬, 05618
田村太雅, 01105
田中直人, 05491
土田真翔, 01198
飛田愛斗, 05609
服部茂史, 05286
木幡育也, 01167
矢野貴之, 05380
落合玄太, 05578
鈴木慶太, 01082
和田翼, 01146
Ａ．Ｓ．アルオーディーブ, a0466
Ａ．Ｓ．クルーズ, 00823
Ａ．アクバル, 00989
Ａ．アシャール, a04ae
Ａ．アジュテビ, a02a7
Ａ．アッゼニ, 05527
Ａ．アドキンス, a0433
Ａ．アドルノ, a0499
Ａ．アムラン, a02b4
Ａ．アルカシッドＪｒ．, 05252
Ａ．アルファイローズ, a0465
Ａ．アルファライディ, a0417
Ａ．アロヨ, a04e3
Ａ．ウロア, a0480
Ａ．エブラヒム, 00932
Ａ．オズデニス, 00939
Ａ．オラーニ, a0441
Ａ．カービー, a0320
Ａ．カデール, 00934
Ａ．ガヤルド, a0381
Ａ．ガルシア, 05441
Ａ．キングズリーＪｒ．, 05231
Ａ．ギボンズ, a03e9
Ａ．ギャラウェイ, 05046
Ａ．クラストゥス, 05447
Ａ．クルホーン, 05247
Ａ．グライダー, a0378
Ａ．グレール, 00928
Ａ．サナ, a0388
Ａ．シュタルケ, 05115
Ａ．シルバ, a04ca
Ａ．ジアネッティ, a04b2
Ａ．スボリッチ, 05302
Ａ．セディーリョ, a0455
Ａ．ソリス, 05004
Ａ．ダ．クルーズ, 00933
Ａ．ダルマニン, a0403
Ａ．チェリク, a04d0
Ａ．デフリース, 05518
Ａ．デルペッチ, 05385
Ａ．トリンダー, 05362
Ａ．ドマイヤー, a0442
Ａ．ハイロニマス, a0427
Ａ．バデル, a034a
Ａ．バデル, 00876
Ａ．ヒメネス, a044a
Ａ．ピーチ, a0332
Ａ．フーロン, a036e
Ａ．フアシェ, a0323
Ａ．フレス, a038b
Ａ．ブルゲイス, a046d
Ａ．ブルサード, a04e7
Ａ．ブレスリン, a04df
Ａ．ブロック, a043a
Ａ．ヘルフェンバイン, 05436
Ａ．ベシッツァ, a045e
Ａ．ホーソン, 00437
Ａ．マーカス, a0385
Ａ．マキ, a04de
Ａ．マクナマラ, a034d
Ａ．マドレーヌ, 05168
Ａ．マルチャリス, 00926
Ａ．ムンロ, 00881
Ａ．メスキータ, a04cb
Ａ．モレノ, a0418
Ａ．ルクー, 00831
Ａ．ルメートル, a0337
Ａ．ロドリゲス, a0468
Ａ．ング, a0376
Ａｎａ．オブライエン, a032a
Ｂ．アレン, a03af
Ｂ．アン, 05250
Ｂ．アヴドゥラ, 05568
Ｂ．イーガン, a03e5
Ｂ．オーウェン, a0494
Ｂ．カーティス, a0477
Ｂ．クーパー, a0003
Ｂ．コーエン, a04a0
Ｂ．シン, 05442
Ｂ．スコット, 05237
Ｂ．スプリグス, a0352
Ｂ．トンプソン, a0356
Ｂ．ドイル, 05316
Ｂ．ドゥラサイエット, a04db
Ｂ．ナスダーフト, a04c4
Ｂ．バファート, a0380
Ｂ．パウエル, 05045
Ｂ．フェイデルベ, a037d
Ｂ．プレブル, 05306
Ｂ．ヘルナンデス, a039d
Ｂ．マーカス, 00899
Ｂ．マーテンズ, a03ae
Ｂ．ムルザバエフ, a04a7
Ｂ．メルハム, a030f
Ｂ．ラウス, 00977
Ｂ．リー, a0340
Ｂ．ローウィラー, a035a
Ｂ．ヴォルスター, a0300
Ｃ．Ｊ．マクマホン, a0491
Ｃ．Ｌ．チャウ, a0435
Ｃ．Ｎ．カーモディ, 00893
Ｃ．アスムッセン, 00956
Ｃ．ウォン, a043c
Ｃ．エミ, a044b
Ｃ．オスピナ, a0467
Ｃ．オドノヒュー, 05470
Ｃ．キーン, a033f
Ｃ．キム, 05014
Ｃ．グリルス, a0404
Ｃ．ゴンボー, 05235
Ｃ．サザーランド, a02aa
Ｃ．ザッキー, a03b5
Ｃ．シェパード, a046a
Ｃ．スコフィールド, 05570
Ｃ．スミヨン, 05271
Ｃ．ソーントン, 05318
Ｃ．ダーデン, 00436
Ｃ．ダグラス, a0407
Ｃ．チェン, 05253
Ｃ．チョン, 05076
Ｃ．デルガド, a045b
Ｃ．トーレス, a04eb
Ｃ．トン, a027e
Ｃ．ナカタニ, 00883
Ｃ．ニューイット, a0303
Ｃ．パリッシュ, 05551
Ｃ．ヒラルド, a044d
Ｃ．ヒル, a039c
Ｃ．ビーズリー, a03b4
Ｃ．ビショップ, a03d4
Ｃ．ピユー, 05431
Ｃ．ファロン, a040e
Ｃ．ブラウン, a0301
Ｃ．ブラック, 00868
Ｃ．ヘイズ, a032b
Ｃ．ヘルナンデス, a0431
Ｃ．ホワイトリー, a0004
Ｃ．ボレル, 05449
Ｃ．マリー, a043e
Ｃ．マンス, 05285
Ｃ．モンチョイ, 05174
Ｃ．ラネリー, a0360
Ｃ．ランデロス, a03f7
Ｃ．リース, a03e4
Ｃ．ルウェルン, 05232
Ｃ．ルクーヴル, a042e
Ｃ．ロシェ, 00812
Ｃ．ロペス, a03d9
Ｃ．ヴェラスケス, 05439
ＣＷ．ブラウン, a036d
Ｄ．Ｊ．ブレレトン, 05006
Ｄ．Ｗ．ガウチ, 00871
Ｄ．アラン, a04c1
Ｄ．アンドレス, a03b9
Ｄ．イェンダル, a03ad
Ｄ．ウォルシュ, 00937
Ｄ．オソリオ, a0449
Ｄ．オドノヒュー, 05173
Ｄ．オニール, a02cc
Ｄ．オブライエン, a0321
Ｄ．オリヴァー, 00895
Ｄ．カブレラ, a045f
Ｄ．クラーク, 00929
Ｄ．ケイシー, 05077
Ｄ．コーエン, a049d
Ｄ．コーエン, 05448
Ｄ．コステロ, a0335
Ｄ．サエンス, a046c
Ｄ．サバトベコフ, a04f0
Ｄ．サンチェス, a03b7
Ｄ．シールゲン, a0331
Ｄ．スタックハウス, a0452
Ｄ．センテノ, a0481
Ｄ．ソレンソン, 05297
Ｄ．タドホープ, a031f
Ｄ．ダン, 05407
Ｄ．デイヴィス, a040d
Ｄ．ノーラン, a03b6
Ｄ．ハリソン, 05264
Ｄ．バルジュー, 05336
Ｄ．ビードマン, 00888
Ｄ．ピーク, 00994
Ｄ．フローレス, 05266
Ｄ．ブフ, 00865
Ｄ．ブラッドレー, 05214
Ｄ．プロバート, a02ec
Ｄ．ベイツ, a0405
Ｄ．ベラ, 05320
Ｄ．ペロヴィッチ, 05513
Ｄ．ホランド, 00431
Ｄ．ホランド, a0406
Ｄ．ホワイト, 05135
Ｄ．ボニヤ, 05335
Ｄ．ポルク, 05550
Ｄ．マクドノー, 05497
Ｄ．マクベス, 00972
Ｄ．マクモナグル, a04a2
Ｄ．マグノン, a04e9
Ｄ．マスカット, a048f
Ｄ．ムーア, a0350
Ｄ．モラン, a04b5
Ｄ．モリソン, a0338
Ｄ．ヴァンダイク, a03b8
Ｅ．Ａ．ウィルキンソン, 00430
Ｅ．アギラ, 00996
Ｅ．アハーン, 05424
Ｅ．アプター, 00927
Ｅ．アルドゥアン, a0348
Ｅ．ウィルソン, 05535
Ｅ．エスキヴェル, a04e4
Ｅ．カストロ, a03a1
Ｅ．カンセル, a0419
Ｅ．グレートレックス, a0492
Ｅ．グレイトレクス, a03ba
Ｅ．コア, 05391
Ｅ．ゴンザレス, a04e5
Ｅ．サンマルタン, 00896
Ｅ．ザヤス, a03bb
Ｅ．ダシルヴァ, 05516
Ｅ．トルヒーヨ, a0299
Ｅ．ドミンゴＪｒ．, 00938
Ｅ．ハラミーヨ, a03a5
Ｅ．バルデス, a045c
Ｅ．プラード, 00891
Ｅ．ペドロサ, 05485
Ｅ．ペレイラ, a04c9
Ｅ．マーティンＪｒ．, a046f
Ｅ．マクナマラ, a0346
Ｅ．メイプル, 00979
Ｅ．ラム, 05275
Ｅ．ルグリ, 00811
Ｅ．ローマン, a04b4
Ｅ．ロドリゲス, a0458
Ｅ．ロマン, a0412
Ｆ．アーゲリョＪｒ．, 00892
Ｆ．アリエッタ, a049a
Ｆ．コーツィー, 05337
Ｆ．サンチェス, 05242
Ｆ．ジェルー, a035b
Ｆ．スパヌー, a036c
Ｆ．ティリキ, a0328
Ｆ．トーレス, a03a4
Ｆ．トロ, 00832
Ｆ．ノートン, a0416
Ｆ．ハラ, a0314
Ｆ．バートラス, a03b1
Ｆ．バラオ, 05319
Ｆ．ブランカ, a0307
Ｆ．ブロンデル, 05469
Ｆ．プラ, a0313
Ｆ．プラット, a0362
Ｆ．ヘッド, 00846
Ｆ．ベリー, 05471
Ｆ．ベルトラス, a03b3
Ｆ．ペニントン, a0459
Ｆ．ボイス, a04b7
Ｆ．ボッサ, a0312
Ｆ．マルチアリス, a0461
Ｆ．ミナリク, 05517
Ｆ．リヒ, 05344
Ｆ．リンチ, a03a2
Ｆ．ルフェーヴル, a033b
Ｆ．ヴェロン, 05532
Ｇ．Ｍ．スチュワート, 00820
Ｇ．ウィレッツ, 00805
Ｇ．ウジョア, a0363
Ｇ．ウッド, a0389
Ｇ．キャロル, a04bd
Ｇ．ギボンズ, a038e
Ｇ．コックス, a0490
Ｇ．コッター, 05126
Ｇ．コラレス, a049e
Ｇ．ゴメス, 05440
Ｇ．サエス, a03f5
Ｇ．スコフィールド, a03ab
Ｇ．スターバウム, 00959
Ｇ．スティーヴンス, 00879
Ｇ．ダフィールド, 00887
Ｇ．デットーリ, 00969
Ｇ．バッケル, a03bc
Ｇ．ビエトリーニ, 05314
Ｇ．フーバー, 05184
Ｇ．ファンニーカーク, a0408
Ｇ．フィリップス, 00806
Ｇ．フォルテ, 05010
Ｇ．フランコ, a04ba
Ｇ．ブノワ, 05498
Ｇ．ベイカー, a032f
Ｇ．ボス, 05378
Ｇ．ボツカイ, 00978
Ｇ．ムーア, 00968
Ｇ．モッセ, 00843
Ｇ．ライアン, a04a5
Ｇ．リー, a02cb
Ｈ．ウォン, a0370
Ｈ．キム, 05075
Ｈ．クラウチ, a040f
Ｈ．ジュルニアック, a0344
Ｈ．ターナー, 05526
Ｈ．テリアン, 05400
Ｈ．ディアスＪｒ．, a04b6
Ｈ．ドイル, a0436
Ｈ．フィゲロア, a04bb
Ｈ．ベリオス, a03bd
Ｈ．ベントレー, a033d
Ｈ．ホーガン, a04a3
Ｈ．ホワイト, 00924
Ｈ．ボウマン, 05529
Ｈ．マッキー, a0479
Ｈ．モー, a0434
Ｈ．ライ, 05461
Ｈ．ラソ, a0454
Ｉ．オルティスＪｒ．, a034f
Ｉ．サンタナ, a04c8
Ｉ．チョ, a02d0
Ｉ．ドライジャー, 00808
Ｉ．ファーガソン, 05537
Ｉ．プーグリシ, 05367
Ｉ．メンディザバル, 05377
Ｉ．ラプトン, 05401
Ｊ．Ｇ．ルイスディアス, a03c1
Ｊ．Ｋ．エバンス, 00434
Ｊ．アルバラード, a03f4
Ｊ．アレン, a0353
Ｊ．イーガン, a0475
Ｊ．イネスＪｒ．, a04a8
Ｊ．ウィーバー, 05009
Ｊ．ウィンクス, a027f
Ｊ．ウルダネータ, a0482
Ｊ．エイケム, a04ac
Ｊ．エスピノーザ, 05483
Ｊ．オージュ, a038d
Ｊ．オブライエン, a02a0
Ｊ．オルティス, a0361
Ｊ．カー, a03ea
Ｊ．カステリャーノ, 05415
Ｊ．カレーニョ, a039b
Ｊ．キャシディ, 00925
Ｊ．キャンベル, a035c
Ｊ．ギャリティ, a03cb
Ｊ．クイン, a03bf
Ｊ．クローリー, a0306
Ｊ．グライズデール, a03ed
Ｊ．コート, 05356
Ｊ．コレット, a0428
Ｊ．コレット, 05035
Ｊ．ゴードン, a0470
Ｊ．サミン, 00810
Ｊ．サンチェス, a047c
Ｊ．サントス, 00867
Ｊ．シャヴェス, 05213
Ｊ．スタイン, 5468
Ｊ．スタイン, 05468
Ｊ．スペンサー, 05374
Ｊ．スミス, a033a
Ｊ．ソロザノ, a047f
Ｊ．タラモ, 05425
Ｊ．ダシルヴァ, a04b1
Ｊ．チャイルズ, a03d6
Ｊ．ツェ, 05032
Ｊ．ティザード, 05346
Ｊ．トレド, a044f
Ｊ．ドイル, a02cd
Ｊ．ニヤマパ, 00997
Ｊ．パー, a0426
Ｊ．ヒル, a0358
Ｊ．ビラグラ, a03c2
Ｊ．ピメンテル, a03f6
Ｊ．ファニング, a02ca
Ｊ．フォーチュン, a032d
Ｊ．フォード, 05412
Ｊ．ブラーヴォ, a035f
Ｊ．ブライアン, a04c6
Ｊ．ブラウン, a0262
Ｊ．ブラボ, 05008
Ｊ．ブリッジモハン, a0476
Ｊ．ヘファーナン, a029d
Ｊ．ヘルナンデス, a0498
Ｊ．ベイリー, 00830
Ｊ．ベラスケス, 00857
Ｊ．ベレス, 00821
Ｊ．ボウディッチ, a03f1
Ｊ．マーシャル, 00842
Ｊ．マクドナルド, 05520
Ｊ．マクニール, a03e7
Ｊ．マトス, 05117
Ｊ．ミッチェル, a0327
Ｊ．ムルタ, 00882
Ｊ．メディナ, a03be
Ｊ．メンデス, a0469
Ｊ．モット, a0453
Ｊ．モレイラ, 05509
Ｊ．ヤン, 00992
Ｊ．ラスボン, 05363
Ｊ．リオス, a03c0
Ｊ．リデル, 05372
Ｊ．ルパルー, 05427
Ｊ．レーメ, a037c
Ｊ．レスカーノ, a02a8
Ｊ．ロイド, a0280
Ｊ．ロサレス, a0390
Ｊ．ロザリオ, a02ba
Ｊ．ロドリゲス, a02b7
Ｊ．ワデル, a03f3
Ｊ．ワトソン, a03fb
Ｊ．ヴァーガスＪｒ．, a045a
Ｊ．ヴァルディヴィアＪｒ．, 05267
Ｊ．ヴェラスケス, 05033
ＪＢ．ユケーム, a02ee
Ｋ．Ｊ．モーゼス, 00870
Ｋ．アスムッセン, a049b
Ｋ．アプ, 05084
Ｋ．ウー, 05129
Ｋ．ウッドバーン, 05246
Ｋ．オニール, a0401
Ｋ．オハラ, a03ac
Ｋ．カームーシュ, a044c
Ｋ．ゴール, 05169
Ｋ．シーア, a037b
Ｋ．シューマーク, a0334
Ｋ．ジェニングス, a0495
Ｋ．ストット, a0343
Ｋ．スリブーン, 05133
Ｋ．タム, 05081
Ｋ．ダーレイ, 05034
Ｋ．チャン, a043b
Ｋ．チュイ, a0249
Ｋ．チョウドリー, a03ef
Ｋ．チョン, a0375
Ｋ．チン, 05083
Ｋ．ティータン, 05533
Ｋ．デザーモ, 00897
Ｋ．デメロ, a04b3
Ｋ．ファロン, 05305
Ｋ．フレイ, a0497
Ｋ．マカヴォイ, a034c
Ｋ．マカヴォイ, 05547
Ｋ．マケヴォイ, a0399
Ｋ．マニング, 05515
Ｋ．マリオン, a039a
Ｋ．マリヨン, a034e
Ｋ．マリヨン, 05546
Ｋ．ミルクザレク, a0322
Ｋ．ユー, 05181
Ｋ．リョン, a036a
Ｋ．レイ, 05130
ＫＡ．マカロック, a0371
Ｌ．Ｖ．キャシディ, 00885
Ｌ．イネス, 05394
Ｌ．オールプレス, 05321
Ｌ．カリー, a0451
Ｌ．キャシディ, a03ec
Ｌ．キング, a03e8
Ｌ．クロップ, 00444
Ｌ．グーチェ, 05051
Ｌ．ケニリー, a0450
Ｌ．コントレラス, 05519
Ｌ．サエス, a0383
Ｌ．サエズ, a0364
Ｌ．サレス, a03d2
Ｌ．ジョーンズ, a043f
Ｌ．ソニー, a04ec
Ｌ．ダフィー, 00958
Ｌ．ディットマン, 00827
Ｌ．デットーリ, 00875
Ｌ．デニス, 00936
Ｌ．デマリア, 05359
Ｌ．デロジェ, a042f
Ｌ．デロジエ, a0462
Ｌ．ニューマン, a0471
Ｌ．ノレン, 05486
Ｌ．ヒューイットソン, 05596
Ｌ．ピゴット, 00971
Ｌ．フェラリス, a04bf
Ｌ．モリス, a03c3
Ｌ．レイエス, a047e
Ｌ．ロシュ, a0329
Ｌ＆Ｓ．ホープ, a0355
Ｍ．Ａ．クラーク, 00869
Ｍ．Ｅ．リマー, 00898
Ｍ．Ｋ．ウォルス, 00884
Ｍ．Ｌ．ユン, a036b
Ｍ．ウォーカー, 05307
Ｍ．エスポジート, 05511
Ｍ．カーン, 00995
Ｍ．カサメント, a0463
Ｍ．ガルシア, a0365
Ｍ．キネーン, 00974
Ｍ．キャメロン, a0445
Ｍ．ギュイヨン, 05464
Ｍ．クリンゲンバーグ, 05017
Ｍ．グティエレス, 05574
Ｍ．サンチェス, a040c
Ｍ．ザーラ, 05446
Ｍ．ザイドル, a0330
Ｍ．ジアーニ, a04ad
Ｍ．ジャグデ, 00953
Ｍ．ジョンストン, 00833
Ｍ．スミス, 05007
Ｍ．タナカ, a0372
Ｍ．チャドウィック, 05465
Ｍ．チュアン, a0444
Ｍ．チュルグン, 00954
Ｍ．ディー, a03ee
Ｍ．デュプレシス, 05460
Ｍ．ドワイヤー, 05375
Ｍ．ナレドゥ, 05052
Ｍ．ヌネス, a0302
Ｍ．ハーレー, a032c
Ｍ．ハシー, a0345
Ｍ．バルザローナ, 05504
Ｍ．ヒルズ, 05066
Ｍ．ビルカリマ, a04af
Ｍ．フランコ, a03a0
Ｍ．ブータン, 00889
Ｍ．プーン, a0409
Ｍ．ベル, a0447
Ｍ．ベルト, a0347
Ｍ．ペイン, a030d
Ｍ．ペシュール, a04cf
Ｍ．ペドロサ, a049c
Ｍ．ホーファー, 00970
Ｍ．ポイ, a0496
Ｍ．マクナブ, a03f0
Ｍ．マリル, a04e8
Ｍ．ミシェル, 05586
Ｍ．メナ, a03c4
Ｍ．モンテリーゾ, 05395
Ｍ．ラミレス, a0460
Ｍ．レーン, a02fe
Ｍ．レコサーナ, 05132
Ｍ．ロッド, a038c
Ｍ．ヴァスケス, a047d
Ｍｏ．ペドロサ, a0448
Ｎ．アロヨ, a0397
Ｎ．ウィリアムソン, 05233
Ｎ．カラン, 05494
Ｎ．キャロウ, a0237
Ｎ．キャロウ, 05422
Ｎ．サントス, a04c7
Ｎ．ジャグラル, a02ff
Ｎ．バレット, 00931
Ｎ．ピンナ, 05475
Ｎ．フアレス, a03f8
Ｎ．ペレット, a0440
Ｎ．ホール, a034b
Ｎ．マカラ, a0472
Ｎ．マッケイ, a0411
Ｎ．ローウィラー, 05510
Ｏ．ウィルソン, a0410
Ｏ．オーア, a042d
Ｏ．キム, a02ef
Ｏ．スタマーズ, a04dd
Ｏ．チャベス, 05493
Ｏ．ドゥルーズ, 05433
Ｏ．ペリエ, 00432
Ｏ．ボッソン, 05158
Ｏ．マーフィー, 05575
Ｐ. マルレナン, a0281
Ｐ．Ｊ．スーター, 00960
Ｐ．カーベリー, 05236
Ｐ．ギルソン, 00807
Ｐ．コスグレイヴ, a033e
Ｐ．コンヴェルティーノ, a02cf
Ｐ．シュロフ, 00990
Ｐ．ストライダム, a03c5
Ｐ．スマレン, 05039
Ｐ．タウネンド, a032e
Ｐ．ディレマ, 05082
Ｐ．デイ, 00824
Ｐ．ドッブス, a0341
Ｐ．ドッブス, a02fd
Ｐ．ナームジュム, 05251
Ｐ．ハナガン, 05484
Ｐ．バジール, a0339
Ｐ．ブドー, 05514
Ｐ．ベギー, a03a7
Ｐ．ペイン, 05011
Ｐ．マクドナルド, a03fa
Ｐ．マルレナン, 5466
Ｐ．マルレナン, 05466
Ｐ．メイキン, a0333
Ｐ．モラレス, a04e6
Ｐ．モロニー, a0357
Ｐ．ヤング, 05430
Ｐ．ラオ, 05050
Ｐ．ロビンソン, 05373
Ｐ．ロペス, a0387
Ｐ．ワーシントン, 00435
Ｑ．ハミルトン, a045d
Ｒ．Ｄ．バンス, 00973
Ｒ．アイクルベリー, a046e
Ｒ．アルバラード, a0379
Ｒ．ウィーラン, a02e8
Ｒ．ウィギンス, a04c5
Ｒ．ウォルシュ, 05499
Ｒ．ウッドワース, 05049
Ｒ．エノン, a02d4
Ｒ．エノン, 05505
Ｒ．エラミア, a046b
Ｒ．キング, a0457
Ｒ．キングスコート, a03d3
Ｒ．クアトロ, a03a8
Ｒ．クィン, 00855
Ｒ．クリアリー, a04be
Ｒ．グティエレス, a04e2
Ｒ．グリーン, 05323
Ｒ．コークリー, a04e0
Ｒ．コクレーン, 00845
Ｒ．ゴンザレス, a04b8
Ｒ．サンタナ, a039e
Ｒ．タルト, a03c6
Ｒ．チョクセイ, 05131
Ｒ．チリノス, a04ed
Ｒ．テイト, a048e
Ｒ．トーマス, a0430
Ｒ．ドーソン, a0478
Ｒ．ドーラン, a03e6
Ｒ．ドミンゲス, 05392
Ｒ．ハブリン, a0325
Ｒ．ハヴリン, a031e
Ｒ．ヒューズ, 00890
Ｒ．ヒルズ, 05018
Ｒ．ピーチュレク, a04a6
Ｒ．フーリエ, a0374
Ｒ．フェレイラ, a04ce
Ｒ．フエンテス, a04cc
Ｒ．フラッド, 05244
Ｒ．フレンチ, a0386
Ｒ．プラッツ, 00822
Ｒ．ヘルナンデス, a048c
Ｒ．ベイズ, 00856
Ｒ．ベイリス, a03d7
Ｒ．ベハラーノ, 05393
Ｒ．ホーンビー, a0464
Ｒ．マイア, a0493
Ｒ．マイヤーズ, a0368
Ｒ．マウンド, 05047
Ｒ．マラージ, 05450
Ｒ．マレン, a02d6
Ｒ．ミグリオーレ, 00955
Ｒ．ムーア, 05366
Ｒ．ライアン, a04a1
Ｒ．ロケット, 05334
Ｒ．ロハス, a04b0
Ｒ．ロメロ, 00849
Ｒ．ヴァスケス, a04e1
Ｓ．アーノルド, a0261
Ｓ．アクディ, 00998
Ｓ．アル・バルシ, a04dc
Ｓ．イム, 05325
Ｓ．ウェザリー, a03f2
Ｓ．カマーチョ, a041b
Ｓ．キャラハン, 05437
Ｓ．キャンベル, 05040
Ｓ．キレーン, a047a
Ｓ．キング, 05355
Ｓ．クリッパートン, 05566
Ｓ．クロース, a049f
Ｓ．グレイ, a03c7
Ｓ．ケリー, a037a
Ｓ．コレット, 05569
Ｓ．ゴンザレス, a0384
Ｓ．サーディ, a04bc
Ｓ．サイトウ, a0005
Ｓ．サンダース, 05162
Ｓ．ジュマト, 05080
Ｓ．セラーズ, 05116
Ｓ．ソ, a02d2
Ｓ．ソーントン, a04c3
Ｓ．ソト, 05020
Ｓ．ダイ, 00880
Ｓ．チェルチ, a0473
Ｓ．デソウサ, a02a9
Ｓ．ドノホー, a040a
Ｓ．バスター, a0359
Ｓ．パイヴァ, a0474
Ｓ．パスキエ, 05376
Ｓ．ヒッチコット, a0398
Ｓ．ファルジャ, a031c
Ｓ．フォーリー, 05531
Ｓ．ブリッジモハーン, a03a6
Ｓ．ブリッジモハン, a035d
Ｓ．ヘファナン, a02e9
Ｓ．マイヨ, 05467
Ｓ．マドリード, a037f
Ｓ．ミラー, 05279
Ｓ．ムン, a02f0
Ｓ．メイザー, a048d
Ｓ．ラッセル, a04cd
Ｓ．レオン, a04ee
Ｓ．レオン, 00993
Ｓ．レヴィー, a03b2
Ｔ．アラン, 05067
Ｔ．アングランド, 05479
Ｔ．イーヴス, a03c8
Ｔ．ウィーラン, a04a4
Ｔ．ウェルズ, 05453
Ｔ．オシェア, a03ca
Ｔ．カベル, 05036
Ｔ．ガファリオン, a0382
Ｔ．クイーリー, a033c
Ｔ．クウィリー, 05487
Ｔ．クラーク, a0369
Ｔ．グレートレックス, a047b
Ｔ．ジャルネ, 00878
Ｔ．ジレ, 05353
Ｔ．ソー, a0443
Ｔ．ダンカン, a0366
Ｔ．テュリエ, 05031
Ｔ．ドゥーメン, 05234
Ｔ．ニップ, 05177
Ｔ．ニュージェント, a0424
Ｔ．ハミルトン, a038a
Ｔ．バク, a02d1
Ｔ．ピッコーヌ, a0336
Ｔ．フォリー, 05361
Ｔ．ブラウン, a03eb
Ｔ．ヘリヤー, 05157
Ｔ．ベイズ, a0413
Ｔ．ベリー, 05528
Ｔ．ペレイラ, a0377
Ｔ．マーカンド, a03c9
Ｔ．マーフィー, 05322
Ｔ．マジョルクリック, 05220
Ｔ．マッカーシー, a044e
Ｔ．マドン, a04b9
Ｔ．ムンドリー, 05426
Ｕ．リスポリ, 05472
Ｕ．リスポリ, a028a
Ｖ．エスピノーザ, 05304
Ｖ．シュミノー, 05538
Ｖ．ディレマ, 05175
Ｖ．デュリック, a0354
Ｖ．フェルナンデス, a035e
Ｖ．ボルヘス, a0438
Ｖ．レアル, a0456
Ｗ．Ｈ．カーソン, 00980
Ｗ．エマジェイン, a04ab
Ｗ．カーソン, a038f
Ｗ．サプル, 00433
Ｗ．シューメーカー, 00957
Ｗ．スウィンバーン, 00923
Ｗ．スミス, 05170
Ｗ．ハーネット, 05016
Ｗ．ハリス, 05005
Ｗ．パイク, a0425
Ｗ．ヒルス, 05310
Ｗ．ビュイック, 05495
Ｗ．マーウィング, 05284
Ｗ．マルチネス, 05118
Ｗ．メウェンカン, 00991
Ｗ．ライ, 05176
Ｗ．ラモス, a037e
Ｗ．リー, a0439
Ｗ．ローダン, a02c7
Ｘ．ジアーニ, a041a
Ｙ．サンマルタン, 00835
Ｙ．ジー, 00935
Ｙ．チェン, a043d
Ｚ．パートン, 05454
オ・ギョンファン, a030b
パクテージョン, 05015
ユ・スンワン, a030a
リーソンイル, 05044
阿部英俊, 05119
阿部武臣, a0111
安藤洋一, a025f
安部将之, a02c6
伊藤健児, a000a
伊藤千尋, 05414
伊藤裕人, a0257
井上瑛太, 05615
井上幹太, 05522
井上俊彦, 00837
稲子善行, a010b
宇都英樹, 05111
臼井健太郎, 05554
永井孝典, a0395
永森大智, 05536
遠藤健太, a025a
遠藤真吾, a0112
横井将人, a016d
横川怜央, a0278
岡村健司, 05562
岡村卓弥, a0270
岡村裕基, 05272
岡田大, 05348
岡遼太郎, 05610
沖静男, a0034
下原理, 05328
加藤誓二, a01b4
加藤聡一, 05557
加藤利征, a0032
加藤和博, 05248
加茂飛翔, a04aa
賀谷祥平, a02db
柿原翔, 05435
柿本量平, a0298
笠野雄大, a0235
葛山晃平, 05300
鴨宮祥行, 05597
関本淳, 05087
関本玲花, a03fd
舘澤直央, a02a4
丸山真一, a0292
丸野勝虎, 05053
岩永千明, a0201
岩橋勇二, 05389
岩崎佳生, a0012
岩本怜, 05577
嬉勝則, a00ab
亀井洋司, 05371
菊池一樹, a0254
吉井章, 05583
吉井友彦, 05451
吉原寛人, 05299
吉田賢司, a0002
吉田晃浩, 05301
吉田順治, 05099
吉留孝司, 05397
及川烈, a04d1
宮下瞳, 05196
宮崎光行, 05089
宮川実, a0185
宮平鷹志, a01ec
魚住謙心, 05604
橋本直哉, a017d
郷間勇太, 05496
玉垣光章, a008a
金山昇馬, 05601
金田利貴, a0437
熊野勲男, a013e
栗原大河, 05556
兼子千央, 05603
見越彬央, a02c4
原隆男, a04c0
古岡勇樹, 05606
戸部尚実, 00839
五十嵐冬樹, 05091
後藤蒼二朗, a04d3
向山牧, 00410
広瀬航, a01b1
江里口裕輝, a02ad
甲賀弘隆, a02e3
甲田守, a0043
高橋昭平, a02d9
高橋哲也, a017e
高橋悠里, 05463
高橋利幸, a01f7
高松亮, 05542
高畑皓一, a0259
高木健, 05226
高野誠毅, a01ef
高野和馬, 01089
黒沢愛斗, 05477
今井貴大, 05489
今野忠成, 05230
佐々木世麗, 05616
佐原秀泰, 05572
佐藤友則, 05268
左海誠二, 05199
細川智史, 05602
細川直人, a0177
坂下秀樹, 05054
坂口裕一, a01e8
阪上忠匡, 05421
阪野学, 05512
桜井光輔, 05563
笹田知宏, a029e
鮫島克也, 00409
山下雅之, 05588
山下裕貴, 05501
山口達弥, a01fb
山崎雅由, a0258
山崎進, a00c7
山崎誠士, 05365
山崎良, a0294
山上由紀子, a00cf
山中悠希, 05598
山中利夫, a00d8
山田義貴, a04da
山田祥雄, 05543
山田雄大, 05584
山藤統宏, a0135
山本咲希到, 05545
山本政聡, 05490
山本聡紀, a02b0
山本聡哉, 05445
山林堂信彦, a0105
市川雄介, a0304
寺倉純慈, a0161
寺地誠一, a007f
寺島憂人, a02c3
七夕裕次郎, 05611
室陽一朗, a04d2
篠谷葵, 05605
柴田勇真, a02fb
若杉朝飛, 05608
酒井忍, 05000
秋元耕成, 05347
出水拓人, 05579
緒方洋介, a019e
小松丈二, 05587
小杉亮, a025d
小谷周平, a01e6
小野楓馬, 05592
小林拓未, a0220
小林捺花, a04d6
小林靖幸, 05351
小林凌, 05560
庄司大輔, a01d5
松戸政也, a01fa
松崎正泰, a0227
松田道明, a0066
松本幸祐, a01d8
松本剛志, a0162
松本克幸, a002e
松本秀克, a0171
上田将司, a01ad
新原周馬, a04d7
新子雅司, a0092
森田牧広, a030c
森島貴之, a027b
深澤杏花, a0422
真島正徳, 05098
神尾香澄, 05613
水野翔, 05582
菅原辰徳, 05571
菅原涼太, 05612
瀬川将輝, a02d8
瀬沢宙, a0222
西啓太, a02d7
西謙一, a022c
西将太, a028e
西森将司, a0256
西川敏弘, a0041
西村栄喜, 05457
西谷泰宏, a02e5
青海大樹, a04a9
青柳正義, a01e5
石崎駿, 05352
石崎隆之, 00863
石川駿介, a021f
石堂響, 05576
石本純也, a022d
赤岡修次, 05074
赤津和希, 05561
赤塚健仁, a028d
千田洋, a0277
川原正一, 00815
川島正太郎, a0247
川島正太郎, 05444
川島拓, a0291
浅野皓大, a03ff
船山蔵人, a022b
前住和寿, a01d2
倉兼育康, 05481
倉富隆一郎, 05329
早田功駿, 05539
早田秀治, 00872
増田充宏, a01df
村松翔太, a0273
村上弘樹, a02e0
村上章, a0056
村上慎一, a006e
村上忍, 05294
多田羅誠也, a03e2
太田陽子, a02ce
大垣敏夫, a00b7
大柿一真, 05567
大原浩司, 05368
大山真吾, 05364
大山龍太郎, a0488
大沢誠志郎, a023d
大塚研司, 05142
大坪慎, 05462
大木天翔, 05593
大友勝利, a001a
鷹見陸, a04d4
達城龍次, 05540
谷内貫太, a04d5
丹羽克輝, 05324
池谷匠翔, 05599
池田敦, a00d0
池田敏樹, 05523
池野光, a0203
竹ヶ原茉耶, a020c
竹吉徹, 05548
竹吉徹, a0226
竹村達也, 05474
中越琉世, 05555
中山直樹, a010f
中山蓮王, a04d9
中川浩行, a00b0
中村尚平, a0260
中田貴士, a024c
中島龍也, a02dc
中島良美, a03fe
仲原大生, 05594
張田昂, 05549
町田直希, 05455
長江慶悟, a042a
長谷部駿弥, 05580
長田進仁, 05147
長尾翼玖, a048a
長澤幸太, a0251
塚本征吾, a0487
塚本雄大, 05600
塚本涼人, 05591
辻本貴信, a01c5
椿山昭彦, a0025
的場文男, 00817
田村直也, a0326
田知弘久, a0205
田中学, 05217
田中純, 05456
田中正一, a02ac
田中涼, a0293
田中力, 05428
田中洸多, a041e
田島寿一, a0102
田辺広文, a00a5
